ranking,nama_sekolah,provinsi,kota/kab.,jenis
701,SMAN 3 KLATEN ,Jawa Tengah,Kab. Klaten,SMA
101,SMA NEGERI 01 ,Jawa Tengah,Kota Semarang,SMA
601,SMAN 1 UNGGULAN MUARA ENIM ,Sumatera Selatan,Kab. Muara Enim,SMA
602,SMAS BOPKRI 1 ,DI Yogyakarta,Kota Yogyakarta,SMA
702,SMAN 51 JAKARTA ,DKI Jakarta,Kota Jakarta Timur,SMA
703,SMAN 4 TANGERANG ,Banten,Kota Tangerang,SMA
704,SMAN 4 PEMATANG SIANTAR ,Sumatera Utara,Kota Pematangsiantar,SMA
102,SMAN 1 TUBAN ,Jawa Timur,Kab. Tuban,SMA
103,SMAS LABSCHOOL JAKARTA ,DKI Jakarta,Kota Jakarta Timur,SMA
104,SMAS TRINITAS BANDUNG ,Jawa Barat,Kota Bandung,SMA
105,SMAN 1 PADANG ,Sumatera Barat,Kota Padang,SMA
1,MAN INSAN CENDEKIA SERPONG ,Banten,Kota Tangerang Selatan,MA 
2,SMAN UNGGULAN M.H. THAMRIN ,DKI Jakarta,Kota Jakarta Timur,SMA
3,SMAN 8 JAKARTA ,DKI Jakarta,Kota Jakarta Selatan,SMA
603,SMAN 1 BOYOLANGU ,Jawa Timur,Kab. Tulungagung,SMA
604,SMA IT PUTRI AL HANIF ,Banten,Kota Cilegon,SMA
605,SMAN 2 PAYAKUMBUH ,Sumatera Barat,Kota Payakumbuh,SMA
606,SMAN 3 KOTA JAMBI ,Jambi,Kota Jambi,SMA
301,SMAN 1 GEMOLONG ,Jawa Tengah,Kab. Sragen,SMA
302,SMAS IT UMMUL QURO ,Jawa Barat,Kota Bogor,SMA
303,SMAN 12 BANDUNG ,Jawa Barat,Kota Bandung,SMA
201,SMAN 1 JAKARTA ,DKI Jakarta,Kota Jakarta Pusat,SMA
202,SMA NEGERI 05 ,Jawa Tengah,Kota Semarang,SMA
203,SMAN 1 SRAGEN ,Jawa Tengah,Kab. Sragen,SMA
401,SMAS PLUS PEMBANGUNAN JAYA ,Banten,Kota Tangerang Selatan,SMA
402,SMAS KESATUAN ,Jawa Barat,Kota Bogor,SMA
403,SMAN 2 NGAGLIK ,DI Yogyakarta,Kab. Sleman,SMA
501,SMA EDU GLOBAL ,Jawa Barat,Kota Bandung,SMA
502,SMAN 1 KARAWANG ,Jawa Barat,Kab. Karawang,SMA
503,SMAN 6 BEKASI ,Jawa Barat,Kota Bekasi,SMA
705,SMAS ISLAM AL-AZHAR 3 JAKARTA ,DKI Jakarta,Kota Jakarta Selatan,SMA
706,SMAS IT AL HIKMAH KARANGGEDE ,Jawa Tengah,Kab. Boyolali,SMA
707,SMAS DARUL HIKAM BANDUNG ,Jawa Barat,Kota Bandung,SMA
708,SMAS MARDI YUANA ,Jawa Barat,Kota Bogor,SMA
801,SMAN 1 SUKOREJO ,Jawa Tengah,Kab. Kendal,SMA
802,SMAN 1 SELONG ,Nusa Tenggara Barat,Kab. Lombok Timur,SMA
803,SMAN 26 BANDUNG ,Jawa Barat,Kota Bandung,SMA
106,SMAN 1 BOYOLALI ,Jawa Tengah,Kab. Boyolali,SMA
107,SMAN 99 JAKARTA ,DKI Jakarta,Kota Jakarta Timur,SMA
108,SMAN 49 JAKARTA ,DKI Jakarta,Kota Jakarta Selatan,SMA
109,SMA NEGERI 2 BANTUL ,DI Yogyakarta,Kab. Bantul,SMA
4,SMAS UNGGUL DEL ,Sumatera Utara,Kab. Toba Samosir,SMA
5,SMAS BPK 1 PENABUR BANDUNG ,Jawa Barat,Kota Bandung,SMA
6,SMAS 1 KRISTEN BPK PENABUR ,DKI Jakarta,Kota Jakarta Barat,SMA
7,SMAN 3 YOGYAKARTA ,DI Yogyakarta,Kota Yogyakarta,SMA
901,SMA NEGERI 1 PLERET ,DI Yogyakarta,Kab. Bantul,SMA
902,SMAN 75 JAKARTA ,DKI Jakarta,Kota Jakarta Utara,SMA
903,SMAN 1 SAMPIT ,Kalimantan Tengah,Kab. Kotawaringin Timur,SMA
607,SMKN 1 PURWOREJO ,Jawa Tengah,Kab. Purworejo,SMK
608,SMAN 9 BEKASI ,Jawa Barat,Kota Bekasi,SMA
609,SMAN 2 PADANG PANJANG ,Sumatera Barat,Kota Padang Panjang,SMA
610,SMKN 26 JAKARTA ,DKI Jakarta,Kota Jakarta Timur,SMK
304,MAS HUSNUL KHOTIMAH ,Jawa Barat,Kab. Kuningan,MA 
305,SMK SMTI ,DI Yogyakarta,Kota Yogyakarta,SMK
306,SMAS IT AS-SYIFA BOARDING SCHOOL ,Jawa Barat,Kab. Subang,SMA
307,SMA TRENSAINS MUHAMMADIYAH SRAGEN ,Jawa Tengah,Kab. Sragen,SMA
204,SMAN PLUS PROP RIAU ,Riau,Kota Pekanbaru,SMA
205,SMAN 7 PURWOREJO ,Jawa Tengah,Kab. Purworejo,SMA
206,SMAN 1 KEDUNGWARU ,Jawa Timur,Kab. Tulungagung,SMA
207,SMAN 55 JAKARTA ,DKI Jakarta,Kota Jakarta Selatan,SMA
404,SMAN 1 SUBANG ,Jawa Barat,Kab. Subang,SMA
405,SMAN 3 TANGERANG ,Banten,Kota Tangerang,SMA
406,SMA N 2 SUMATERA BARAT ,Sumatera Barat,Kab. Solok,SMA
407,SMAS KATOLIK RAJAWALI ,Sulawesi Selatan,Kota Makassar,SMA
504,MAN 13 JAKARTA ,DKI Jakarta,Kota Jakarta Selatan,MA 
505,SMA NEGERI 2 LAMONGAN ,Jawa Timur,Kab. Lamongan,SMA
506,SMAN 2 PONOROGO ,Jawa Timur,Kab. Ponorogo,SMA
507,SMK NEGERI 2 TEMANGGUNG ,Jawa Tengah,Kab. Temanggung,SMK
709,MAN 2 YOGYAKARTA ,DI Yogyakarta,Kota Yogyakarta,MA 
710,SMAN 1 KUTA UTARA ,Bali,Kab. Badung,SMA
711,SMAN 1 WARU ,Jawa Timur,Kab. Sidoarjo,SMA
712,SMAIT ABU BAKAR BOARDING SCHOOL KULON PROGO ,DI Yogyakarta,Kab. Kulon Progo,SMA
804,SMAN 1 RANGKASBITUNG ,Banten,Kab. Lebak,SMA
805,SMA NEGERI 4 PEKANBARU ,Riau,Kota Pekanbaru,SMA
806,SMKS TELEKOMUNIKASI SANDHY PUTRA PURWOKERTO ,Jawa Tengah,Kab. Banyumas,SMK
807,SMAN 5 TAMBUN SELATAN ,Jawa Barat,Kab. Bekasi,SMA
110,SMA NEGERI 2 JOMBANG ,Jawa Timur,Kab. Jombang,SMA
111,SMAN 1 PAKEM ,DI Yogyakarta,Kab. Sleman,SMA
112,SMAS ST ANGELA ,Jawa Barat,Kota Bandung,SMA
113,SMAN 77 JAKARTA ,DKI Jakarta,Kota Jakarta Pusat,SMA
8,SMAN 5 SURABAYA ,Jawa Timur,Kota Surabaya,SMA
9,SMAN 28 JAKARTA ,DKI Jakarta,Kota Jakarta Selatan,SMA
10,SMAN 1 YOGYAKARTA ,DI Yogyakarta,Kota Yogyakarta,SMA
11,SMAN 81 JAKARTA ,DKI Jakarta,Kota Jakarta Timur,SMA
904,SMAS BOPKRI 2 ,DI Yogyakarta,Kota Yogyakarta,SMA
905,SMAN 5 MATARAM ,Nusa Tenggara Barat,Kota Mataram,SMA
906,SMAN 1 KARANGANYAR ,Jawa Tengah,Kab. Kebumen,SMA
907,SMAN 1 CIBADAK ,Jawa Barat,Kab. Sukabumi,SMA
611,SMKN 7 YOGYAKARTA ,DI Yogyakarta,Kota Yogyakarta,SMK
612,SMAN 1 MAJALENGKA ,Jawa Barat,Kab. Majalengka,SMA
613,SMAN 2 BANJARBARU ,Kalimantan Selatan,Kota Banjarbaru,SMA
614,SMAN 43 JAKARTA ,DKI Jakarta,Kota Jakarta Selatan,SMA
308,SMAN 1 PURI ,Jawa Timur,Kab. Mojokerto,SMA
309,SMAN 1 CILEUNGSI ,Jawa Barat,Kab. Bogor,SMA
310,SMAN 3 JAKARTA ,DKI Jakarta,Kota Jakarta Selatan,SMA
311,SMA NURUL FIKRI BOARDING SCHOOL LEMBANG ,Jawa Barat,Kab. Bandung Barat,SMA
312,SMAN 1 GLAGAH ,Jawa Timur,Kab. Banyuwangi,SMA
208,MAS PERGURUAN ISLAM AR RISALAH ,Sumatera Barat,Kota Padang,MA 
209,SMAS KHARISMA BANGSA ,Banten,Kota Tangerang Selatan,SMA
210,SMAS IT NURHIDAYAH ,Jawa Tengah,Kab. Sukoharjo,SMA
211,SMAN 1 PONOROGO ,Jawa Timur,Kab. Ponorogo,SMA
408,SMAS KATOLIK MATER DEI ,Banten,Kota Tangerang Selatan,SMA
409,SMAN 1 BAE KUDUS ,Jawa Tengah,Kab. Kudus,SMA
410,SMAN 113 JAKARTA ,DKI Jakarta,Kota Jakarta Timur,SMA
411,SMA IT AL BAYYINAH ,Riau,Kota Pekanbaru,SMA
412,SMAN 2 MAGELANG ,Jawa Tengah,Kota Magelang,SMA
508,SMAN 22 BANDUNG ,Jawa Barat,Kota Bandung,SMA
509,SMAS GLOBAL MANDIRI ,Jawa Barat,Kab. Bogor,SMA
510,SMAS AVEROS ,Papua Barat,Kota Sorong,SMA
511,SMKN 48 JAKARTA ,DKI Jakarta,Kota Jakarta Timur,SMK
713,SMAN 1 CILEGON ,Banten,Kota Cilegon,SMA
714,SMAN 5 DENPASAR ,Bali,Kota Denpasar,SMA
715,MAS NU BANAT KUDUS ,Jawa Tengah,Kab. Kudus,MA 
716,SMAN 3 SLAWI ,Jawa Tengah,Kab. Tegal,SMA
808,SMAN 1 BATURETNO ,Jawa Tengah,Kab. Wonogiri,SMA
809,SMAN 50 JAKARTA ,DKI Jakarta,Kota Jakarta Timur,SMA
810,SMAN 100 JAKARTA ,DKI Jakarta,Kota Jakarta Timur,SMA
811,SMAN 1 BAWANG ,Jawa Tengah,Kab. Banjarnegara,SMA
114,SMA KRISTEN PENABUR KOTA WISATA ,Jawa Barat,Kab. Bogor,SMA
115,SMAS PENABUR BINTARO ,Banten,Kota Tangerang Selatan,SMA
116,SMAN 6 SURABAYA ,Jawa Timur,Kota Surabaya,SMA
117,SMA NEGERI 04 ,Jawa Tengah,Kota Semarang,SMA
12,SMA LABSCHOOL KEBAYORAN ,DKI Jakarta,Kota Jakarta Selatan,SMA
13,SMA KATOLIK ST.LOUIS 1 ,Jawa Timur,Kota Surabaya,SMA
14,SMAS KRISTEN 5 BPK PENABUR ,DKI Jakarta,Kota Jakarta Utara,SMA
15,SMAS SANTA URSULA BSD ,Banten,Kota Tangerang Selatan,SMA
16,SMAS KANISIUS JAKARTA ,DKI Jakarta,Kota Jakarta Pusat,SMA
908,SMA Islam Al Azhar 19 ,DKI Jakarta,Kota Jakarta Timur,SMA
909,SMAN 1 MAOSPATI ,Jawa Timur,Kab. Magetan,SMA
910,SMA KEBANGSAAN ,Lampung,Kab. Lampung Selatan,SMA
911,SMKN 2 DENPASAR ,Bali,Kota Denpasar,SMK
615,SMA NEGERI 1 WELAHAN ,Jawa Tengah,Kab. Jepara,SMA
616,SMAN 1 SEMIN ,DI Yogyakarta,Kab. Gunung Kidul,SMA
617,SMK NEGERI 1 WONOSOBO ,Jawa Tengah,Kab. Wonosobo,SMK
618,SMAN 1 KUTOWINANGUN ,Jawa Tengah,Kab. Kebumen,SMA
313,SMAN 1 GIANYAR ,Bali,Kab. Gianyar,SMA
314,SMAS KRIDA NUSANTARA ,Jawa Barat,Kota Bandung,SMA
315,SMAN 3 SALATIGA ,Jawa Tengah,Kota Salatiga,SMA
316,SMAN 2 WONOSARI ,DI Yogyakarta,Kab. Gunung Kidul,SMA
212,SMAN 1 BANJARNEGARA ,Jawa Tengah,Kab. Banjarnegara,SMA
213,SMAS REGINA PACIS SURAKARTA ,Jawa Tengah,Kota Surakarta,SMA
214,SMAN 10 YOGYAKARTA ,DI Yogyakarta,Kota Yogyakarta,SMA
215,SMAS STRADA ST AQUINO ,Banten,Kota Tangerang,SMA
216,SMAN 66 JAKARTA ,DKI Jakarta,Kota Jakarta Selatan,SMA
413,SMAN 1 MADIUN ,Jawa Timur,Kota Madiun,SMA
414,SMA NEGERI 11 ,Jawa Tengah,Kota Semarang,SMA
415,SMAN 6 BOGOR ,Jawa Barat,Kota Bogor,SMA
416,SMA SANTA MARIA 3 ,Jawa Barat,Kota Cimahi,SMA
512,SMAS BUDI MULIA ,Jawa Barat,Kota Bogor,SMA
513,SMKN 2 PURWOREJO ,Jawa Tengah,Kab. Purworejo,SMK
514,SMAS METHODIST 2 MEDAN ,Sumatera Utara,Kota Medan,SMA
515,SMAN 3 PADANG ,Sumatera Barat,Kota Padang,SMA
717,SMA SYUBBANUL WATHON ,Jawa Tengah,Kab. Magelang,SMA
718,SMAN 1 CIANJUR ,Jawa Barat,Kab. Cianjur,SMA
719,SMAN 2 SEKAYU ,Sumatera Selatan,Kab. Musi Banyuasin,SMA
720,SMAN 95 JAKARTA ,DKI Jakarta,Kota Jakarta Barat,SMA
812,SMA NEGERI 3 SUMATERA BARAT ,Sumatera Barat,Kab. Pasaman,SMA
813,SMA NEGERI JATIROGO ,Jawa Timur,Kab. Tuban,SMA
814,SMAN 11 Kota Depok ,Jawa Barat,Kota Depok,SMA
815,SMAN 1 KLIRONG ,Jawa Tengah,Kab. Kebumen,SMA
118,SMAS SANTA THERESIA JAKARTA ,DKI Jakarta,Kota Jakarta Pusat,SMA
119,SMA Negeri 1 Pekalongan ,Jawa Tengah,Kota Pekalongan,SMA
120,SMA NEGERI 1 WATES ,DI Yogyakarta,Kab. Kulon Progo,SMA
121,SMAN 2 PURWOKERTO ,Jawa Tengah,Kab. Banyumas,SMA
17,SMAN 8 YOGYAKARTA ,DI Yogyakarta,Kota Yogyakarta,SMA
18,SMAS PAHOA ,Banten,Kab. Tangerang,SMA
19,SMAN 34 JAKARTA ,DKI Jakarta,Kota Jakarta Selatan,SMA
20,SMAS KRISTEN 3 PENABUR JAKARTA ,DKI Jakarta,Kota Jakarta Pusat,SMA
912,SMAN 101 JAKARTA ,DKI Jakarta,Kota Jakarta Barat,SMA
913,SMAN 1 KENCONG ,Jawa Timur,Kab. Jember,SMA
914,SMKS INDONESIA YOGYAKARTA ,DI Yogyakarta,Kota Yogyakarta,SMK
915,SMAN 1 PRAYA ,Nusa Tenggara Barat,Kab. Lombok Tengah,SMA
619,SMAS KATOLIK ST CAROLUS ,Jawa Timur,Kota Surabaya,SMA
620,SMA CHARITAS ,DKI Jakarta,Kota Jakarta Selatan,SMA
621,SMA NEGERI 5 CIMAHI ,Jawa Barat,Kota Cimahi,SMA
622,SMAN 6 SURAKARTA ,Jawa Tengah,Kota Surakarta,SMA
317,SMAN 20 BANDUNG ,Jawa Barat,Kota Bandung,SMA
318,SMAN 1 TALUN ,Jawa Timur,Kab. Blitar,SMA
319,SMAN 1 PACITAN ,Jawa Timur,Kab. Pacitan,SMA
320,SMAN TITIAN TERAS ,Jambi,Kab. Muaro Jambi,SMA
217,SMAN 5 ,Jawa Timur,Kota Malang,SMA
218,SMA SEMESTA ,Jawa Tengah,Kota Semarang,SMA
219,SMAS SANTA MARIA ,Jawa Timur,Kota Surabaya,SMA
220,SMAN 5 SURAKARTA ,Jawa Tengah,Kota Surakarta,SMA
417,SMAN 105 JAKARTA ,DKI Jakarta,Kota Jakarta Timur,SMA
418,SMAN 13 SURABAYA ,Jawa Timur,Kota Surabaya,SMA
419,SMA Negeri 10 Samarinda ,Kalimantan Timur,Kota Samarinda,SMA
420,SMAN 9 Malang ,Jawa Timur,Kota Malang,SMA
516,SMAN 3 TARUNA ANGKASA MADIUN ,Jawa Timur,Kota Madiun,SMA
517,SMAN 1 SIMO ,Jawa Tengah,Kab. Boyolali,SMA
518,SMA Negeri 3 Pekalongan ,Jawa Tengah,Kota Pekalongan,SMA
519,SMAN 20 SURABAYA ,Jawa Timur,Kota Surabaya,SMA
721,MAN SALATIGA ,Jawa Tengah,Kota Salatiga,MA 
722,SMAN 1 BOJA ,Jawa Tengah,Kab. Kendal,SMA
723,SMAS IT AR RAIHAN  ,Lampung,Kota Bandar Lampung,SMA
724,SMA NEGERI 1 PEKANBARU ,Riau,Kota Pekanbaru,SMA
816,SMAN 1 MOJOSARI ,Jawa Timur,Kab. Mojokerto,SMA
817,SMAN 22 JAKARTA ,DKI Jakarta,Kota Jakarta Timur,SMA
818,SMKN 1 SUKOHARJO ,Jawa Tengah,Kab. Sukoharjo,SMK
819,SMAN 96 JAKARTA ,DKI Jakarta,Kota Jakarta Barat,SMA
820,SMAN 1 NGAGLIK ,DI Yogyakarta,Kab. Sleman,SMA
122,SMAN 11 YOGYAKARTA ,DI Yogyakarta,Kota Yogyakarta,SMA
123,SMAS IT IBNU ABBAS ,Jawa Tengah,Kab. Klaten,SMA
124,SMAN 7 YOGYAKARTA ,DI Yogyakarta,Kota Yogyakarta,SMA
125,SMAN 1 BOJONEGORO ,Jawa Timur,Kab. Bojonegoro,SMA
21,SMAN 68 JAKARTA ,DKI Jakarta,Kota Jakarta Pusat,SMA
22,SMAN BANUA KAL SEL ,Kalimantan Selatan,Kab. Banjar,SMA
23,SMAS KOLESE LOYOLA ,Jawa Tengah,Kota Semarang,SMA
24,SMAS SANTA URSULA ,DKI Jakarta,Kota Jakarta Pusat,SMA
25,MAN Insan Cendekia Gorontalo ,Gorontalo,Kab. Bone Bolango,MA 
916,SMAN SIWALIMA AMBON ,Maluku,Kota Ambon,SMA
917,SMKN 6 JAKARTA ,DKI Jakarta,Kota Jakarta Selatan,SMK
918,MAN 2 SAMARINDA ,Kalimantan Timur,Kota Samarinda,MA 
919,SMAN 1 PURWOSARI ,Jawa Timur,Kab. Pasuruan,SMA
623,SMAN 1 SUMENEP ,Jawa Timur,Kab. Sumenep,SMA
624,SMA NEGERI 1 SIDAREJA ,Jawa Tengah,Kab. Cilacap,SMA
625,SMA GARUDA CENDEKIA ,DKI Jakarta,Kota Jakarta Selatan,SMA
626,MAN 2 KOTA BOGOR ,Jawa Barat,Kota Bogor,MA 
321,SMA ISLAM TERPADU AL USWAH ,Jawa Timur,Kota Surabaya,SMA
322,MAN INSAN CENDEKIA PASER ,Kalimantan Timur,Kab. Paser,MA 
323,SMA S AL KAUTSAR  ,Lampung,Kota Bandar Lampung,SMA
324,SMA NEGERI 1 MATARAM ,Nusa Tenggara Barat,Kota Mataram,SMA
221,SMAN 1 KEPANJEN ,Jawa Timur,Kab. Malang,SMA
222,SMAN 67 JAKARTA ,DKI Jakarta,Kota Jakarta Timur,SMA
223,MAN 2 Kota Kediri ,Jawa Timur,Kota Kediri,MA 
224,SMAS KRISTEN IMMANUEL ,Kalimantan Barat,Kota Pontianak,SMA
225,SMAN 24 BANDUNG ,Jawa Barat,Kota Bandung,SMA
421,SMAN 1 DENPASAR ,Bali,Kota Denpasar,SMA
422,SMAN 60 JAKARTA ,DKI Jakarta,Kota Jakarta Selatan,SMA
423,SMAS INSAN CENDIKIA AL-MUJTABA ,Jawa Tengah,Kab. Sukoharjo,SMA
424,SMAN 1 BOBOTSARI ,Jawa Tengah,Kab. Purbalingga,SMA
520,SMAN 1 BATU SANGKAR ,Sumatera Barat,Kab. Tanah Datar,SMA
521,SMA NEGERI 2 BANGUNTAPAN ,DI Yogyakarta,Kab. Bantul,SMA
522,SMK Negeri 2 Pekalongan ,Jawa Tengah,Kota Pekalongan,SMK
523,SMA NEGERI 2 WONOSOBO ,Jawa Tengah,Kab. Wonosobo,SMA
725,SMA GLOBAL ISLAMIC SCHOOL 2 ,Banten,Kota Tangerang Selatan,SMA
726,SMAN PINTAR ,Riau,Kab. Kuantan Singingi,SMA
727,SMAN 1 SOLOK ,Sumatera Barat,Kota Solok,SMA
728,SMA AL ADZKAR ,Banten,Kota Tangerang Selatan,SMA
821,SMAN 1 CILEUNYI ,Jawa Barat,Kab. Bandung,SMA
822,SMKN 2 YOGYAKARTA ,DI Yogyakarta,Kota Yogyakarta,SMK
823,SMAN 14 SURABAYA ,Jawa Timur,Kota Surabaya,SMA
824,SMA S FRANSISCUS ,Lampung,Kota Bandar Lampung,SMA
126,MAN INSAN CENDEKIA KOTA BATAM ,Kepulauan Riau,Kota Batam,MA 
127,SMAN 2 KEDIRI ,Jawa Timur,Kota Kediri,SMA
128,SMAN 1 PURWOKERTO ,Jawa Tengah,Kab. Banyumas,SMA
129,SMAN 1 DEPOK ,DI Yogyakarta,Kab. Sleman,SMA
26,SMAS KRISTEN BPK PENABUR GADING SERPONG ,Banten,Kab. Tangerang,SMA
27,SMAS KRISTEN IPEKA PURI INDAH ,DKI Jakarta,Kota Jakarta Barat,SMA
28,SMAN 2 YOGYAKARTA ,DI Yogyakarta,Kota Yogyakarta,SMA
29,SMAN 2 JAKARTA ,DKI Jakarta,Kota Jakarta Barat,SMA
30,SMAN 78 JAKARTA ,DKI Jakarta,Kota Jakarta Barat,SMA
920,MAN 2 HULU SUNGAI UTARA ,Kalimantan Selatan,Kab. Hulu Sungai Utara,MA 
921,SMAN 1 PREMBUN ,Jawa Tengah,Kab. Kebumen,SMA
922,SMAN 1 PURWANTORO ,Jawa Tengah,Kab. Wonogiri,SMA
923,SMA NEGERI 08 ,Jawa Tengah,Kota Semarang,SMA
627,SMAN 1 BANJARMASIN ,Kalimantan Selatan,Kota Banjarmasin,SMA
628,SMAN 1 KERTOSONO ,Jawa Timur,Kab. Nganjuk,SMA
629,SMAN 25 BANDUNG ,Jawa Barat,Kota Bandung,SMA
630,SMAN 7 KOTA TANGERANG SELATAN ,Banten,Kota Tangerang Selatan,SMA
325,SMA TARAKANITA 1 JAKARTA ,DKI Jakarta,Kota Jakarta Selatan,SMA
326,SMAN 1 KOTA MUNGKID ,Jawa Tengah,Kab. Magelang,SMA
327,SMAN 2 TANGERANG ,Banten,Kota Tangerang,SMA
328,SMAS BUNDA HATI KUDUS ,Jawa Barat,Kab. Bogor,SMA
226,SMA KESATUAN BANGSA ,DI Yogyakarta,Kab. Bantul,SMA
227,SMAS AL IZHAR JAKARTA ,DKI Jakarta,Kota Jakarta Selatan,SMA
228,SMAN 3 BATU SANGKAR ,Sumatera Barat,Kab. Tanah Datar,SMA
229,SMAN 5 BOGOR ,Jawa Barat,Kota Bogor,SMA
425,SMAN 2 SLEMAN ,DI Yogyakarta,Kab. Sleman,SMA
426,SMAS KATOLIK COR YESU ,Jawa Timur,Kota Malang,SMA
427,SMAN 85 JAKARTA ,DKI Jakarta,Kota Jakarta Barat,SMA
428,SMAS FUTURE GATE ,Jawa Barat,Kota Bekasi,SMA
429,SMAN 1 TAMAN ,Jawa Timur,Kab. Sidoarjo,SMA
524,SMAN 1 PARE ,Jawa Timur,Kab. Kediri,SMA
525,SMAN 15 BANDUNG ,Jawa Barat,Kota Bandung,SMA
526,SMAN 9 JAKARTA ,DKI Jakarta,Kota Jakarta Timur,SMA
527,SMAN 1 GAMPING ,DI Yogyakarta,Kab. Sleman,SMA
729,SMAN 14 BEKASI ,Jawa Barat,Kota Bekasi,SMA
730,SMAN 10 BANDUNG ,Jawa Barat,Kota Bandung,SMA
731,SMAIT Buahati Islamic School ,DKI Jakarta,Kota Jakarta Timur,SMA
732,SMAS IT NURURRAHMAN ,Jawa Barat,Kota Depok,SMA
825,SMAS PANGUDI LUHUR JAKARTA ,DKI Jakarta,Kota Jakarta Selatan,SMA
826,SMAN 1 CIKARANG UTARA ,Jawa Barat,Kab. Bekasi,SMA
827,SMA NEGERI 10 DEPOK ,Jawa Barat,Kota Depok,SMA
828,SMAN 7 DENPASAR ,Bali,Kota Denpasar,SMA
130,SMAS KOLESE DE BRITTO DEPOK ,DI Yogyakarta,Kab. Sleman,SMA
131,SMAS TARAKANITA GADING SERPONG ,Banten,Kab. Tangerang,SMA
132,SMAN 3 BOGOR ,Jawa Barat,Kota Bogor,SMA
133,SMAN 1 SURABAYA ,Jawa Timur,Kota Surabaya,SMA
31,SMAN 61 JAKARTA ,DKI Jakarta,Kota Jakarta Timur,SMA
32,SMAK PENABUR KOTA TANGERANG ,Banten,Kota Tangerang,SMA
33,SMAN 3 ,Jawa Timur,Kota Malang,SMA
34,MAN INSAN CENDEKIA PEKALONGAN ,Jawa Tengah,Kota Pekalongan,MA 
924,SMAN 1 PELAIHARI ,Kalimantan Selatan,Kab. Tanah Laut,SMA
925,SMAS GIBS ,Kalimantan Selatan,Kab. Barito Kuala,SMA
926,SMAN 5 TANGERANG ,Banten,Kota Tangerang,SMA
927,SMA ALI MAKSUM ,DI Yogyakarta,Kab. Bantul,SMA
631,SMKN 42 JAKARTA ,DKI Jakarta,Kota Jakarta Barat,SMK
632,SMAN 88 JAKARTA ,DKI Jakarta,Kota Jakarta Timur,SMA
633,SMAS CENDANA ,Riau,Kota Pekanbaru,SMA
634,SMAN 1 PRINGSEWU ,Lampung,Kab. Pringsewu,SMA
635,MAS PPMI ASSALAAM ,Jawa Tengah,Kab. Sukoharjo,MA 
329,SMAN 5 KOTA DEPOK ,Jawa Barat,Kota Depok,SMA
330,SMAN 1 PAMEKASAN ,Jawa Timur,Kab. Pamekasan,SMA
331,SMAS ISLAM AL-AZHAR BSD ,Banten,Kota Tangerang Selatan,SMA
332,SMAS YAYASAN PUPUK KALTIM BONTANG ,Kalimantan Timur,Kota Bontang,SMA
230,SMAN 1 TAMBUN SELATAN ,Jawa Barat,Kab. Bekasi,SMA
231,SMAN 6 JAKARTA ,DKI Jakarta,Kota Jakarta Selatan,SMA
232,SMAS AL KAHFI ,Jawa Barat,Kab. Bogor,SMA
233,SMAN 1 WONOGIRI ,Jawa Tengah,Kab. Wonogiri,SMA
430,SMAS FONS VITAE 1 JAKARTA ,DKI Jakarta,Kota Jakarta Timur,SMA
431,SMAN 1 BALEENDAH ,Jawa Barat,Kab. Bandung,SMA
432,SMA NEGERI 1 KAJEN ,Jawa Tengah,Kab. Pekalongan,SMA
433,SMAN 21 SURABAYA ,Jawa Timur,Kota Surabaya,SMA
528,SMA THURSINA IIBS ,Jawa Timur,Kab. Malang,SMA
529,SMAN 59 JAKARTA ,DKI Jakarta,Kota Jakarta Timur,SMA
530,SMAN 1 GEGER ,Jawa Timur,Kab. Madiun,SMA
531,SMA NEGERI 2 PATI ,Jawa Tengah,Kab. Pati,SMA
733,SMAN 1 BONTANG ,Kalimantan Timur,Kota Bontang,SMA
734,MAN INSAN CENDEKIA SAMBAS ,Kalimantan Barat,Kab. Sambas,MA 
735,SMAN 1 BUMIAYU ,Jawa Tengah,Kab. Brebes,SMA
736,MAN 7 JAKARTA ,DKI Jakarta,Kota Jakarta Selatan,MA 
829,SMA PESANTREN UNGGUL AL BAYAN ANYER ,Banten,Kab. Serang,SMA
830,SMAN 1 NEGARA ,Bali,Kab. Jembrana,SMA
831,SMAS KATHOLIK UNTUNG SURAPATI SIDOARJO ,Jawa Timur,Kab. Sidoarjo,SMA
832,SMKN 1 GODEAN ,DI Yogyakarta,Kab. Sleman,SMK
134,MAN Insan Cendekia Oki ,Sumatera Selatan,Kab. Ogan Komering Ilir,MA 
135,SMAS KATOLIK YOS SUDARSO ,Kepulauan Riau,Kota Batam,SMA
136,SMAN 10 PADANG ,Sumatera Barat,Kota Padang,SMA
137,SMAS TARUNA NUSANTARA ,Jawa Tengah,Kab. Magelang,SMA
35,MAN 2 KOTA MALANG ,Jawa Timur,Kota Malang,MA 
36,SMAN 1 SURAKARTA ,Jawa Tengah,Kota Surakarta,SMA
37,SMAS ISLAM AL-AZHAR 1 JAKARTA ,DKI Jakarta,Kota Jakarta Selatan,SMA
38,SMA BINA NUSANTARA SERPONG ,Banten,Kota Tangerang Selatan,SMA
928,SMAN 9 DEPOK ,Jawa Barat,Kota Depok,SMA
929,SMAN 4 PADANG ,Sumatera Barat,Kota Padang,SMA
930,SMAN 1 SIDAYU ,Jawa Timur,Kab. Gresik,SMA
931,SMAN 3 KEDIRI ,Jawa Timur,Kota Kediri,SMA
636,SMKN KEHUTANAN KADIPATEN ,Jawa Barat,Kab. Majalengka,SMK
637,SMAN 3 BUKITTINGGI ,Sumatera Barat,Kota Bukittinggi,SMA
638,SMAN 2 PURBALINGGA ,Jawa Tengah,Kab. Purbalingga,SMA
639,SMAS AR ROHMAH DAU ,Jawa Timur,Kab. Malang,SMA
333,SMA KATOLIK SANTU PETRUS PONTIANAK ,Kalimantan Barat,Kota Pontianak,SMA
334,SMAN 1 CAWAS ,Jawa Tengah,Kab. Klaten,SMA
335,SMAN 1 SRENGAT ,Jawa Timur,Kab. Blitar,SMA
336,SMAN 3 SIDOARJO ,Jawa Timur,Kab. Sidoarjo,SMA
337,SMAS ISLAM AL-AZHAR 4 ,Jawa Barat,Kota Bekasi,SMA
234,SMAN 1 BATU ,Jawa Timur,Kota Batu,SMA
235,SMAS SUTOMO 2 ,Sumatera Utara,Kota Medan,SMA
236,SMAN 1 BALIKPAPAN  ,Kalimantan Timur,Kota Balikpapan,SMA
237,SMA NEGERI 2 CIMAHI ,Jawa Barat,Kota Cimahi,SMA
434,SMAN 1 GARUT ,Jawa Barat,Kab. Garut,SMA
435,SMAN 30 JAKARTA ,DKI Jakarta,Kota Jakarta Pusat,SMA
436,MAN 1 SURAKARTA ,Jawa Tengah,Kota Surakarta,MA 
437,MAN INSAN CENDEKIA KOTA KENDARI ,Sulawesi Tenggara,Kota Kendari,MA 
532,SMA NEGERI 1 PUNDONG ,DI Yogyakarta,Kab. Bantul,SMA
533,SMA NEGERI 15 ,Jawa Tengah,Kota Semarang,SMA
534,SMAS MUHAMMADIYAH 1 YOGYAKARTA ,DI Yogyakarta,Kota Yogyakarta,SMA
535,SMAN 6 KOTA TANGERANG SELATAN ,Banten,Kota Tangerang Selatan,SMA
737,SMAN 1 SINDANG ,Jawa Barat,Kab. Indramayu,SMA
738,SMKN 8 JAKARTA ,DKI Jakarta,Kota Jakarta Selatan,SMK
739,SMA NEGERI 1 WIRADESA ,Jawa Tengah,Kab. Pekalongan,SMA
740,SMAN 23 JAKARTA ,DKI Jakarta,Kota Jakarta Barat,SMA
833,SMKN 1 SLAWI ,Jawa Tengah,Kab. Tegal,SMK
834,SMAS CAKRA BUANA ,Jawa Barat,Kota Depok,SMA
835,SMAN 28 KABUPATEN TANGERANG ,Banten,Kab. Tangerang,SMA
836,SMAN 1 KARANGMOJO ,DI Yogyakarta,Kab. Gunung Kidul,SMA
138,SMAN 1 KARANGANYAR ,Jawa Tengah,Kab. Karanganyar,SMA
139,SMAN 33 JAKARTA ,DKI Jakarta,Kota Jakarta Barat,SMA
140,SMAN 1 SUKOHARJO ,Jawa Tengah,Kab. Sukoharjo,SMA
141,SMAN 16 SURABAYA ,Jawa Timur,Kota Surabaya,SMA
39,SMAN 48 JAKARTA ,DKI Jakarta,Kota Jakarta Timur,SMA
40,SMAN 26 JAKARTA ,DKI Jakarta,Kota Jakarta Selatan,SMA
41,SMA NEGERI 03 ,Jawa Tengah,Kota Semarang,SMA
42,SMAN 1 SUMATERA BARAT ,Sumatera Barat,Kota Padang Panjang,SMA
932,SMAN 1 SUMBAWA BESAR ,Nusa Tenggara Barat,Kab. Sumbawa,SMA
933,SMA NEGERI 1 JUWANA ,Jawa Tengah,Kab. Pati,SMA
934,SMAS PANJURA ,Jawa Timur,Kota Malang,SMA
935,SMA SANTA MARIA 2 ,Jawa Barat,Kota Bandung,SMA
640,SMKN 1 KEBUMEN ,Jawa Tengah,Kab. Kebumen,SMK
641,SMAS TERPADU BINA UMAT ,DI Yogyakarta,Kab. Sleman,SMA
642,MAS WATHONIYAH ISLAMIYAH KARANGDUWUR ,Jawa Tengah,Kab. Kebumen,MA 
643,SMA NEGERI 1 AMPEK ANGKEK ,Sumatera Barat,Kab. Agam,SMA
338,SMAN 1 BANDUNG ,Jawa Barat,Kota Bandung,SMA
339,SMAN 2 JEMBER ,Jawa Timur,Kab. Jember,SMA
340,SMAN 1 MAGETAN ,Jawa Timur,Kab. Magetan,SMA
341,SMA Muhammadiyah Program Khusus Kottabarat Surakarta ,Jawa Tengah,Kota Surakarta,SMA
238,SMAN SUMATERA SELATAN ,Sumatera Selatan,Kota Palembang,SMA
239,SMAN 109 JAKARTA ,DKI Jakarta,Kota Jakarta Selatan,SMA
240,SMAN 3 MAGELANG ,Jawa Tengah,Kota Magelang,SMA
241,SMAN 19 JAKARTA ,DKI Jakarta,Kota Jakarta Barat,SMA
242,SMAS KATOLIK FRATERAN ,Jawa Timur,Kota Surabaya,SMA
438,MAS MUALLIMIN MUHAMMADIYAH ,DI Yogyakarta,Kota Yogyakarta,MA 
439,SMA NEGERI 1 MAOS ,Jawa Tengah,Kab. Cilacap,SMA
440,SMAN 5 GOWA ,Sulawesi Selatan,Kab. Gowa,SMA
441,SMAN 37 JAKARTA ,DKI Jakarta,Kota Jakarta Selatan,SMA
536,SMA AL MUSLIM  ,Jawa Timur,Kab. Sidoarjo,SMA
537,SMAN 93 JAKARTA ,DKI Jakarta,Kota Jakarta Timur,SMA
538,SMAS ISLAM AL-AZHAR SOLO BARU ,Jawa Tengah,Kab. Sukoharjo,SMA
539,SMAN 2 PADANG ,Sumatera Barat,Kota Padang,SMA
741,MAN 2 KOTA MADIUN ,Jawa Timur,Kota Madiun,MA 
742,SMAN 1 ROWOKELE ,Jawa Tengah,Kab. Kebumen,SMA
743,SMAS MTA SURAKARTA ,Jawa Tengah,Kota Surakarta,SMA
744,SMAN 1 SUMEDANG ,Jawa Barat,Kab. Sumedang,SMA
837,SMAN 1 LUBUK SIKAPING ,Sumatera Barat,Kab. Pasaman,SMA
838,SMKN 7 BANDUNG ,Jawa Barat,Kota Bandung,SMK
839,SMAN 1 PADALARANG ,Jawa Barat,Kab. Bandung Barat,SMA
840,SMAN 86 JAKARTA ,DKI Jakarta,Kota Jakarta Selatan,SMA
142,SMAS TARUNA BAKTI ,Jawa Barat,Kota Bandung,SMA
143,SMAS KATOLIK SANG TIMUR ,DKI Jakarta,Kota Jakarta Barat,SMA
144,SMA NEGERI AGAM CENDEKIA ,Sumatera Barat,Kab. Agam,SMA
145,SMAN 2 BALIGE ,Sumatera Utara,Kab. Toba Samosir,SMA
43,SMAS ALLOYSIUS 1 ,Jawa Barat,Kota Bandung,SMA
44,SMA NEGERI 1 BANTUL ,DI Yogyakarta,Kab. Bantul,SMA
45,SMAN 1 BOGOR ,Jawa Barat,Kota Bogor,SMA
46,SMAN 2 SURABAYA ,Jawa Timur,Kota Surabaya,SMA
936,SMAN 4 PURWOREJO ,Jawa Tengah,Kab. Purworejo,SMA
937,SMA NEGERI 12 ,Jawa Tengah,Kota Semarang,SMA
938,SMAN 13 BEKASI ,Jawa Barat,Kota Bekasi,SMA
939,SMA IT FITHRAH INSANI ,Jawa Barat,Kab. Bandung Barat,SMA
644,SMKN 1 WONOGIRI ,Jawa Tengah,Kab. Wonogiri,SMK
645,SMKN 1 MAGELANG ,Jawa Tengah,Kota Magelang,SMK
646,SMAN 1 CIKARANG PUSAT ,Jawa Barat,Kab. Bekasi,SMA
647,SMAN 1 TAWANGSARI ,Jawa Tengah,Kab. Sukoharjo,SMA
342,SMAN 1 BLORA ,Jawa Tengah,Kab. Blora,SMA
343,SMAN 3 BEKASI ,Jawa Barat,Kota Bekasi,SMA
344,SMAN 1 PANDAAN ,Jawa Timur,Kab. Pasuruan,SMA
345,SMAS AR-ROHMAH PUTRI BOARDING SCHOOL DAU ,Jawa Timur,Kab. Malang,SMA
243,SMAN 1 MLATI ,DI Yogyakarta,Kab. Sleman,SMA
244,SMAN 1 KARANGANOM ,Jawa Tengah,Kab. Klaten,SMA
245,SMA SEDES SAPIENTIAE JAMBU ,Jawa Tengah,Kab. Semarang,SMA
246,SMAN 1 SINGARAJA ,Bali,Kab. Buleleng,SMA
442,SMK NEGERI 1 TEMANGGUNG ,Jawa Tengah,Kab. Temanggung,SMK
443,SMAN 89 JAKARTA ,DKI Jakarta,Kota Jakarta Timur,SMA
444,SMA NEGERI 1 JEPARA ,Jawa Tengah,Kab. Jepara,SMA
445,SMAN 1 PRAMBANAN ,DI Yogyakarta,Kab. Sleman,SMA
540,SMKN 1 BOGOR ,Jawa Barat,Kota Bogor,SMK
541,SMKS TELKOM SANDHY PUTRA ,Jawa Timur,Kota Malang,SMK
542,SMAN 7 TANGERANG ,Banten,Kota Tangerang,SMA
543,SMAN 7 BANJARMASIN ,Kalimantan Selatan,Kota Banjarmasin,SMA
745,SMAN 4 PURWOKERTO ,Jawa Tengah,Kab. Banyumas,SMA
746,SMAN 27 JAKARTA ,DKI Jakarta,Kota Jakarta Pusat,SMA
747,MAS ISLAMIC CENTRE BIN BAZ ,DI Yogyakarta,Kab. Bantul,MA 
748,SMAN 1 LEUWILIANG ,Jawa Barat,Kab. Bogor,SMA
841,MAN 2 KEBUMEN ,Jawa Tengah,Kab. Kebumen,MA 
842,SMAS ASSALAM SUKOHARJO ,Jawa Tengah,Kab. Sukoharjo,SMA
843,SMAN 1 KAUMAN ,Jawa Timur,Kab. Tulungagung,SMA
844,SMAN 1 RANDUBLATUNG ,Jawa Tengah,Kab. Blora,SMA
845,SMAS IT DAARUL HIKMAH ,Kalimantan Timur,Kota Bontang,SMA
146,SMAN 8 BANDUNG ,Jawa Barat,Kota Bandung,SMA
147,MAN INSAN CENDEKIA JAMBI ,Jambi,Kab. Muaro Jambi,MA 
148,SMAS METHODIST 3 MEDAN ,Sumatera Utara,Kota Medan,SMA
149,SMA NEGERI 1 WONOSOBO ,Jawa Tengah,Kab. Wonosobo,SMA
47,SMAN 6 YOGYAKARTA ,DI Yogyakarta,Kota Yogyakarta,SMA
48,SMAS K KOLESE ST YUSUP ,Jawa Timur,Kota Malang,SMA
49,SMAN 1 MAGELANG ,Jawa Tengah,Kota Magelang,SMA
50,SMAN 9 YOGYAKARTA ,DI Yogyakarta,Kota Yogyakarta,SMA
940,SMKN 2 KARANGANYAR ,Jawa Tengah,Kab. Karanganyar,SMK
941,SMAS KRISTEN 2 RANTEPAO ,Sulawesi Selatan,Kab. Toraja Utara,SMA
942,SMAN 1 KUTA SELATAN ,Bali,Kab. Badung,SMA
943,SMKN 1 BAWANG ,Jawa Tengah,Kab. Banjarnegara,SMK
648,SMAS METHODIST ,Sumatera Utara,Kota Binjai,SMA
649,SMAN 11 JAKARTA ,DKI Jakarta,Kota Jakarta Timur,SMA
650,SMAN 10 SURABAYA ,Jawa Timur,Kota Surabaya,SMA
651,SMAN 2 PLAYEN ,DI Yogyakarta,Kab. Gunung Kidul,SMA
346,SMAN 31 JAKARTA ,DKI Jakarta,Kota Jakarta Timur,SMA
347,SMAN 1 AJIBARANG ,Jawa Tengah,Kab. Banyumas,SMA
348,SMA KUSUMA BANGSA PALEMBANG ,Sumatera Selatan,Kota Palembang,SMA
349,SMAN 3 DENPASAR ,Bali,Kota Denpasar,SMA
247,SMAN 62 JAKARTA ,DKI Jakarta,Kota Jakarta Timur,SMA
248,SMA NEGERI 17 PALEMBANG ,Sumatera Selatan,Kota Palembang,SMA
249,SMAS STELLA DUCE 1 ,DI Yogyakarta,Kota Yogyakarta,SMA
250,UPT SMA NEGERI 1 PASURUAN ,Jawa Timur,Kota Pasuruan,SMA
446,SMA ISLAM SINAR CENDEKIA ,Banten,Kota Tangerang Selatan,SMA
447,SMAS PLUS TARUNA ANDALAN ,Riau,Kab. Pelalawan,SMA
448,SMAN 1 KRIAN ,Jawa Timur,Kab. Sidoarjo,SMA
449,SMA NEGERI 1 CIMAHI ,Jawa Barat,Kota Cimahi,SMA
450,SMAN 1 MARGAHAYU ,Jawa Barat,Kab. Bandung,SMA
544,SMA NEGERI 1 SENTOLO ,DI Yogyakarta,Kab. Kulon Progo,SMA
545,SMAN 11 BEKASI ,Jawa Barat,Kota Bekasi,SMA
546,SMA IT AL ITTIHAD ,Riau,Kota Pekanbaru,SMA
547,SMAN 8 DEPOK ,Jawa Barat,Kota Depok,SMA
749,SMAN 1 BANGIL ,Jawa Timur,Kab. Pasuruan,SMA
750,SMAS IT THORIQ BIN ZIYAD ,Jawa Barat,Kab. Bekasi,SMA
751,SMK NEGERI 3 JEPARA ,Jawa Tengah,Kab. Jepara,SMK
752,SMAN 24 JAKARTA ,DKI Jakarta,Kota Jakarta Pusat,SMA
846,SMAN 1 KETAPANG ,Kalimantan Barat,Kab. Ketapang,SMA
847,MAN KOTA BATU ,Jawa Timur,Kota Batu,MA 
848,SMAN 4 PROBOLINGGO ,Jawa Timur,Kota Probolinggo,SMA
849,MAN 1 MALANG ,Jawa Timur,Kab. Malang,MA 
150,SMAN 1 BLITAR ,Jawa Timur,Kota Blitar,SMA
151,SMAS BUDI MULIA ,Sumatera Utara,Kota Pematangsiantar,SMA
152,SMA IGNATIUS GLOBAL SCHOOL (IGS) PALEMBANG ,Sumatera Selatan,Kota Palembang,SMA
153,SMAN 2 CIBINONG ,Jawa Barat,Kab. Bogor,SMA
51,SMAN 3 BANDUNG ,Jawa Barat,Kota Bandung,SMA
52,SMAS SUTOMO 1 ,Sumatera Utara,Kota Medan,SMA
53,SMAN 5 YOGYAKARTA ,DI Yogyakarta,Kota Yogyakarta,SMA
54,SMAN 1 TANGERANG ,Banten,Kota Tangerang,SMA
944,SMA NEGERI 3 CIMAHI ,Jawa Barat,Kota Cimahi,SMA
945,SMAN 1 TUALANG ,Riau,Kab. Siak,SMA
946,SMAN 3 SINGKAWANG ,Kalimantan Barat,Kota Singkawang,SMA
947,SMAN 1 RANDUDONGKAL ,Jawa Tengah,Kab. Pemalang,SMA
652,SMA Negeri 2 Tasikmalaya ,Jawa Barat,Kota Tasikmalaya,SMA
653,SMAS KRISTEN 2 KUPANG ,Nusa Tenggara Timur,Kota Kupang,SMA
654,SMAN 2 SRAGEN ,Jawa Tengah,Kab. Sragen,SMA
655,SMA NEGERI 3 BANTUL ,DI Yogyakarta,Kab. Bantul,SMA
350,SMKN 2 DEPOK ,DI Yogyakarta,Kab. Sleman,SMK
351,SMA NEGERI 1 SANDEN ,DI Yogyakarta,Kab. Bantul,SMA
352,SMAN 3 PAINAN ,Sumatera Barat,Kab. Pesisir Selatan,SMA
353,SMAS AL IRSYAD AL ISLAMIYYAH ,Jawa Tengah,Kab. Banyumas,SMA
251,SMAN 1 PROBOLINGGO ,Jawa Timur,Kota Probolinggo,SMA
252,SMA NEGERI 2 WATES ,DI Yogyakarta,Kab. Kulon Progo,SMA
253,SMA NEGERI 1 BANGUNTAPAN ,DI Yogyakarta,Kab. Bantul,SMA
254,SMAN 2 PURWOREJO ,Jawa Tengah,Kab. Purworejo,SMA
451,SMAN 5 BALIKPAPAN SELATAN ,Kalimantan Timur,Kota Balikpapan,SMA
452,SMA IT DARUL QUR AN ,Jawa Barat,Kab. Bogor,SMA
453,SMA NEGERI 1 KEDUNGWUNI ,Jawa Tengah,Kab. Pekalongan,SMA
454,SMAN 82 JAKARTA ,DKI Jakarta,Kota Jakarta Selatan,SMA
548,SMA NEGERI 1 PENGASIH ,DI Yogyakarta,Kab. Kulon Progo,SMA
549,SMAN 1 JOGONALAN ,Jawa Tengah,Kab. Klaten,SMA
550,SMAN 94 JAKARTA ,DKI Jakarta,Kota Jakarta Barat,SMA
551,SMAN 1 TABANAN ,Bali,Kab. Tabanan,SMA
753,SMAN 2 NGAWI ,Jawa Timur,Kab. Ngawi,SMA
754,SMAN 74 JAKARTA ,DKI Jakarta,Kota Jakarta Selatan,SMA
755,SMAN 4 SIDOARJO ,Jawa Timur,Kab. Sidoarjo,SMA
756,SMAN 2 SANGATTA UTARA ,Kalimantan Timur,Kab. Kutai Timur,SMA
850,SMAN 12 KOTA DEPOK ,Jawa Barat,Kota Depok,SMA
851,MAN 2 WONOSOBO ,Jawa Tengah,Kab. Wonosobo,MA 
852,SMA NEGERI 2 TARUNA BHAYANGKARA JAWA TIMUR ,Jawa Timur,Kab. Banyuwangi,SMA
853,SMA NEGERI 1 KROYA ,Jawa Tengah,Kab. Cilacap,SMA
154,SMAN 1 KUDUS ,Jawa Tengah,Kab. Kudus,SMA
155,SMAN 90 JAKARTA ,DKI Jakarta,Kota Jakarta Selatan,SMA
156,MAN INSAN CENDEKIA LOMBOK TIMUR ,Nusa Tenggara Barat,Kab. Lombok Timur,MA 
157,SMA NEGERI 1 PATI ,Jawa Tengah,Kab. Pati,SMA
55,SMAN 1 PURWOREJO ,Jawa Tengah,Kab. Purworejo,SMA
56,SMAN 1 ,Jawa Timur,Kota Malang,SMA
57,SMAN 1 JEMBER ,Jawa Timur,Kab. Jember,SMA
58,SMAN 1 BEKASI ,Jawa Barat,Kota Bekasi,SMA
948,SMAN 7 KOTA DEPOK ,Jawa Barat,Kota Depok,SMA
949,SMA NEGERI 1 SUMPIUH ,Jawa Tengah,Kab. Banyumas,SMA
950,SMKN 1 KARANGANYAR ,Jawa Tengah,Kab. Karanganyar,SMK
951,SMAN 8 BOGOR ,Jawa Barat,Kota Bogor,SMA
656,SMAN 3 TEGAL ,Jawa Tengah,Kota Tegal,SMA
657,SMAN 1 GRABAG ,Jawa Tengah,Kab. Magelang,SMA
658,SMAN 35 JAKARTA ,DKI Jakarta,Kota Jakarta Pusat,SMA
659,SMAN 1 TARAKAN ,Kalimantan Utara,Kota Tarakan,SMA
354,SMAN 5 BENGKULU ,Bengkulu,Kota Bengkulu,SMA
355,SMAN 4 LAHAT ,Sumatera Selatan,Kab. Lahat,SMA
356,SMA IBNU HAJAR BOARDING SCHOOL ,Jawa Barat,Kota Depok,SMA
357,SMAS LABSCHOOL CIBUBUR ,Jawa Barat,Kota Bekasi,SMA
358,SMA NEGERI 8 PEKANBARU ,Riau,Kota Pekanbaru,SMA
255,SMAN 4 BANDUNG ,Jawa Barat,Kota Bandung,SMA
256,SMAN 3 KOTA TANGERANG SELATAN ,Banten,Kota Tangerang Selatan,SMA
257,SMAN 1 METRO ,Lampung,Kota Metro,SMA
258,SMA NEGERI 1 JETIS ,DI Yogyakarta,Kab. Bantul,SMA
455,SMAN 1 MEDAN ,Sumatera Utara,Kota Medan,SMA
456,SMAN 17 SURABAYA ,Jawa Timur,Kota Surabaya,SMA
457,SMAN 104 JAKARTA ,DKI Jakarta,Kota Jakarta Timur,SMA
458,SMAN 10 FAJAR HARAPAN BANDA ACEH ,Aceh,Kota Banda Aceh,SMA
552,SMA ISLAM AL-AZHAR 8 ,Jawa Barat,Kota Bekasi,SMA
553,SMAN 1 SEYEGAN ,DI Yogyakarta,Kab. Sleman,SMA
554,SMAN 1 SUNGAI LIAT ,Kepulauan Bangka Belitung,Kab. Bangka,SMA
555,SMAIT INSANTAMA PLUS ,Jawa Barat,Kota Bogor,SMA
556,SMA BINA INSAN MANDIRI ,Jawa Timur,Kab. Nganjuk,SMA
757,SMAN 2 BUKITTINGGI ,Sumatera Barat,Kota Bukittinggi,SMA
758,MAN 2 KOTA SERANG ,Banten,Kota Serang,MA 
759,SMA NEGERI 1 MAJENANG ,Jawa Tengah,Kab. Cilacap,SMA
760,SMKN 2 WONOSARI ,DI Yogyakarta,Kab. Gunung Kidul,SMK
854,SMAS GEMBALA BAIK PONTIANAK ,Kalimantan Barat,Kota Pontianak,SMA
855,MAN 1 KOTA KEDIRI ,Jawa Timur,Kota Kediri,MA 
856,SMKN 25 JAKARTA ,DKI Jakarta,Kota Jakarta Selatan,SMK
857,SMAS AL ISLAM 1 SURAKARTA ,Jawa Tengah,Kota Surakarta,SMA
158,SMAN 2 LUMAJANG ,Jawa Timur,Kab. Lumajang,SMA
159,SMAS INSAN CENDEKIA  AL KAUSAR ,Jawa Barat,Kab. Sukabumi,SMA
160,SMAN 5 BEKASI ,Jawa Barat,Kota Bekasi,SMA
161,SMAS XAVERIUS 1 ,Jambi,Kota Jambi,SMA
59,SMAN 2 MADIUN ,Jawa Timur,Kota Madiun,SMA
60,SMAN 1 KALASAN ,DI Yogyakarta,Kab. Sleman,SMA
61,SMAN 21 JAKARTA ,DKI Jakarta,Kota Jakarta Timur,SMA
62,SMAN 47 JAKARTA ,DKI Jakarta,Kota Jakarta Selatan,SMA
952,SMK NEGERI 1 CILACAP ,Jawa Tengah,Kab. Cilacap,SMK
953,SMAN 1 LUMAJANG ,Jawa Timur,Kab. Lumajang,SMA
954,SMAN 1 CIKARANG SELATAN ,Jawa Barat,Kab. Bekasi,SMA
955,SMAN 72 JAKARTA ,DKI Jakarta,Kota Jakarta Utara,SMA
660,SMK N 2 PENGASIH ,DI Yogyakarta,Kab. Kulon Progo,SMK
661,SMAN 57 JAKARTA ,DKI Jakarta,Kota Jakarta Barat,SMA
662,SMAN 1 KUTA ,Bali,Kab. Badung,SMA
663,SMAN 7 BANDUNG ,Jawa Barat,Kota Bandung,SMA
359,SMA NEGERI 1 AMBARAWA ,Jawa Tengah,Kab. Semarang,SMA
360,SMA IT AT TAUFIQ ,Jawa Barat,Kota Bogor,SMA
361,SMAN 2 SURAKARTA ,Jawa Tengah,Kota Surakarta,SMA
362,SMAN 11 BANDUNG ,Jawa Barat,Kota Bandung,SMA
259,SMAN 3 TARUTUNG ,Sumatera Utara,Kab. Tapanuli Utara,SMA
260,SMAN 3 KOTA DEPOK ,Jawa Barat,Kota Depok,SMA
261,SMAN 11 SURABAYA ,Jawa Timur,Kota Surabaya,SMA
262,SMAN 8 ,Jawa Timur,Kota Malang,SMA
263,SMA SCIENCE PLUS BAITUL QURAN BOARDING SCHOOL ,Jawa Tengah,Kab. Sragen,SMA
459,SMAN 2 ,Jawa Timur,Kota Malang,SMA
460,SMAN 4 BOGOR ,Jawa Barat,Kota Bogor,SMA
461,SMAN 1 PANGKAL PINANG ,Kepulauan Bangka Belitung,Kota Pangkalpinang,SMA
462,SMK NEGERI 7 SEMARANG ,Jawa Tengah,Kota Semarang,SMK
463,SMAN 3 PONTIANAK ,Kalimantan Barat,Kota Pontianak,SMA
557,SMAN 1 TUMPANG ,Jawa Timur,Kab. Malang,SMA
558,SMAN 2 KUDUS ,Jawa Tengah,Kab. Kudus,SMA
559,SMA TARUNA DRA. ZULAEHA ,Jawa Timur,Kab. Probolinggo,SMA
560,SMAS ALBANNA ,Bali,Kota Denpasar,SMA
761,SMAS SANTA MARIA ,Riau,Kota Pekanbaru,SMA
762,SMAN 1 SUTOJAYAN ,Jawa Timur,Kab. Blitar,SMA
763,SMAS BRAWIJAYA SMART SCHOOL ,Jawa Timur,Kota Malang,SMA
764,SMAS SANTA MARIA ,DI Yogyakarta,Kota Yogyakarta,SMA
858,SMAS SANTO IGNASIUS SINGKAWANG ,Kalimantan Barat,Kota Singkawang,SMA
859,SMAN 17 BANDUNG ,Jawa Barat,Kota Bandung,SMA
860,SMAS INTERNATIONAL ISLAMIC HIGH SCHOOL (IIHS) ,DKI Jakarta,Kota Jakarta Selatan,SMA
861,SMAN 1 WURYANTORO ,Jawa Tengah,Kab. Wonogiri,SMA
162,SMAN 112 JAKARTA ,DKI Jakarta,Kota Jakarta Barat,SMA
163,SMAN 103 JAKARTA ,DKI Jakarta,Kota Jakarta Timur,SMA
164,SMAN 1 GENTENG ,Jawa Timur,Kab. Banyuwangi,SMA
165,SMAS ISLAM TERPADU NURUL FIKRI ,Jawa Barat,Kota Depok,SMA
63,SMAS GONZAGA JAKARTA ,DKI Jakarta,Kota Jakarta Selatan,SMA
64,SMAN 1 PADANG PANJANG ,Sumatera Barat,Kota Padang Panjang,SMA
65,SMAN 1 WONOSARI ,DI Yogyakarta,Kab. Gunung Kidul,SMA
66,SMAN 1 SIDOARJO ,Jawa Timur,Kab. Sidoarjo,SMA
956,MAS ALI MAKSUM ,DI Yogyakarta,Kab. Bantul,MA 
957,SMAN 107 JAKARTA ,DKI Jakarta,Kota Jakarta Timur,SMA
958,MAN 1 KOTA BUKITTINGGI ,Sumatera Barat,Kota Bukittinggi,MA 
959,SMAN 1 BALAPULANG ,Jawa Tengah,Kab. Tegal,SMA
664,SMAN 1 DEMAK ,Jawa Tengah,Kab. Demak,SMA
665,SMAN 1 SUMBER ,Jawa Barat,Kab. Cirebon,SMA
666,SMAS K SANTO YOSEPH DENPASAR ,Bali,Kota Denpasar,SMA
667,SMAN 1 GIRI ,Jawa Timur,Kab. Banyuwangi,SMA
363,SMA NEGERI 1 BANYUMAS ,Jawa Tengah,Kab. Banyumas,SMA
364,SMA NEGERI 3 JOMBANG ,Jawa Timur,Kab. Jombang,SMA
365,SMAN 1 TANJUNG PANDAN ,Kepulauan Bangka Belitung,Kab. Belitung,SMA
366,SMAN 2 BEKASI ,Jawa Barat,Kota Bekasi,SMA
264,SMA NEGERI 2 TEMANGGUNG ,Jawa Tengah,Kab. Temanggung,SMA
265,SMAN 1 LAWANG ,Jawa Timur,Kab. Malang,SMA
266,SMAS ST MARIA 1 BANDUNG ,Jawa Barat,Kota Bandung,SMA
267,SMAN 4 MAGELANG ,Jawa Tengah,Kota Magelang,SMA
268,SMAS ZION ,Sulawesi Selatan,Kota Makassar,SMA
464,SMAN 42 JAKARTA ,DKI Jakarta,Kota Jakarta Timur,SMA
465,SMAS KATOLIK SANTA AGNES ,Jawa Timur,Kota Surabaya,SMA
466,SMAN 4 KOTA DEPOK ,Jawa Barat,Kota Depok,SMA
467,SMAN 1 NGAWI ,Jawa Timur,Kab. Ngawi,SMA
561,SMAN 46 JAKARTA ,DKI Jakarta,Kota Jakarta Selatan,SMA
562,SMAN 3 BLITAR ,Jawa Timur,Kota Blitar,SMA
563,SMAN 1 MERTOYUDAN ,Jawa Tengah,Kab. Magelang,SMA
564,SMAN 1 PAYAKUMBUH ,Sumatera Barat,Kota Payakumbuh,SMA
765,SMAN 2 WONOGIRI ,Jawa Tengah,Kab. Wonogiri,SMA
766,MAS PEMBANGUNAN UIN ,DKI Jakarta,Kota Jakarta Selatan,MA 
767,SMAN 1 SUMBERREJO ,Jawa Timur,Kab. Bojonegoro,SMA
768,SMAS DON BOSCO ,Sumatera Barat,Kota Padang,SMA
862,SMAS SINT CAROLUS ,Bengkulu,Kota Bengkulu,SMA
863,SMAN 1 TUREN ,Jawa Timur,Kab. Malang,SMA
864,SMAN 1 KABUPATEN TANGERANG ,Banten,Kab. Tangerang,SMA
865,SMA NEGERI 1 PECANGAAN ,Jawa Tengah,Kab. Jepara,SMA
166,SMAN 4 DENPASAR ,Bali,Kota Denpasar,SMA
167,SMAN 4 ,Jawa Timur,Kota Malang,SMA
168,MAS ZAKARIA ,Jawa Barat,Kota Bandung,MA 
169,SMK-SMAK BOGOR ,Jawa Barat,Kota Bogor,SMK
67,SMAS BPK 2 PENABUR ,Jawa Barat,Kota Bandung,SMA
68,SMAS KRISTEN 7 BPK PENABUR JAKARTA ,DKI Jakarta,Kota Jakarta Timur,SMA
69,SMAN 1 MUNTILAN ,Jawa Tengah,Kab. Magelang,SMA
70,MAN INSAN CENDEKIA PADANG PARIAMAN ,Sumatera Barat,Kab. Padang Pariaman,MA 
960,SMKN 2 KEDIRI ,Jawa Timur,Kota Kediri,SMK
961,SMAN 1 REMBANG ,Jawa Tengah,Kab. Purbalingga,SMA
962,MAN 2 JAKARTA ,DKI Jakarta,Kota Jakarta Timur,MA 
963,SMAN 1 PAGAK ,Jawa Timur,Kab. Malang,SMA
668,SMAS MARDI WALUYA ,Jawa Barat,Kab. Bogor,SMA
669,SMAN 1 CIAWI BOGOR ,Jawa Barat,Kab. Bogor,SMA
670,SMA NEGERI 1 TENGARAN ,Jawa Tengah,Kab. Semarang,SMA
671,SMAS STELLA DUCE 2 ,DI Yogyakarta,Kota Yogyakarta,SMA
367,SMAN 2 KEBUMEN ,Jawa Tengah,Kab. Kebumen,SMA
368,SMAN 29 JAKARTA ,DKI Jakarta,Kota Jakarta Selatan,SMA
369,SMAN 1 CIBINONG ,Jawa Barat,Kab. Bogor,SMA
370,SMAN 2 SIDOARJO ,Jawa Timur,Kab. Sidoarjo,SMA
269,SMAN 2 BANDAR LAMPUNG ,Lampung,Kota Bandar Lampung,SMA
270,SMAS ISLAM ATHIRAH ,Sulawesi Selatan,Kab. Bone,SMA
271,SMAN 44 JAKARTA ,DKI Jakarta,Kota Jakarta Timur,SMA
272,SMA SEDES SAPIENTIAE ,Jawa Tengah,Kota Semarang,SMA
468,SMAN 1 MANYAR ,Jawa Timur,Kab. Gresik,SMA
469,SMA NEGERI 1 TASIKMALAYA ,Jawa Barat,Kota Tasikmalaya,SMA
470,SMAN 17 MAKASSAR ,Sulawesi Selatan,Kota Makassar,SMA
471,MAS AL IRSYAD ,Jawa Tengah,Kab. Semarang,MA 
565,SMAN 5 BATAM ,Kepulauan Riau,Kota Batam,SMA
566,SMA AL WILDAN ISLAMIC SCHOOL ,Banten,Kab. Tangerang,SMA
567,SMAN 1 TANJUNGPINANG ,Kepulauan Riau,Kota Tanjungpinang,SMA
568,SMA NEGERI 01 PALEMBANG ,Sumatera Selatan,Kota Palembang,SMA
569,SMAS YOS SUDARSO ,Jawa Barat,Kab. Karawang,SMA
769,SMA NEGERI 1 JAKENAN ,Jawa Tengah,Kab. Pati,SMA
770,SMAN 4 JEMBER ,Jawa Timur,Kab. Jember,SMA
771,SMAN 1 TERAS ,Jawa Tengah,Kab. Boyolali,SMA
772,SMAN 1 GEBOG ,Jawa Tengah,Kab. Kudus,SMA
866,SMAN 1 KEBOMAS ,Jawa Timur,Kab. Gresik,SMA
867,MAN 2 TULUNGAGUNG ,Jawa Timur,Kab. Tulungagung,MA 
868,SMA DAARUT TAUHIID BOARDING SCHOOL ,Jawa Barat,Kab. Bandung Barat,SMA
869,SMA IIBS ,Jawa Barat,Kab. Bekasi,SMA
170,SMAN 1 PURBALINGGA ,Jawa Tengah,Kab. Purbalingga,SMA
171,SMAN 1 SLAWI ,Jawa Tengah,Kab. Tegal,SMA
172,SMAS AL-IZZAH BATU ,Jawa Timur,Kota Batu,SMA
173,SMAS KATOLIK ST ALBERTUS ,Jawa Timur,Kota Malang,SMA
71,SMAN 12 JAKARTA ,DKI Jakarta,Kota Jakarta Timur,SMA
72,SMAS PENABUR ,Jawa Barat,Kota Bekasi,SMA
73,SMAN 1 SLEMAN ,DI Yogyakarta,Kab. Sleman,SMA
74,SMAS REGINA PACIS ,Jawa Barat,Kota Bogor,SMA
964,SMA NEGERI PLOSO ,Jawa Timur,Kab. Jombang,SMA
965,SMAS ISLAMIC VILLAGE ,Banten,Kab. Tangerang,SMA
966,SMKN 1 BOYOLANGU ,Jawa Timur,Kab. Tulungagung,SMK
967,SMKN 5 SURABAYA ,Jawa Timur,Kota Surabaya,SMK
672,SMAS JAKARTA ISLAMIC SCHOOL ,DKI Jakarta,Kota Jakarta Timur,SMA
673,SMAN 1 DUKUN ,Jawa Tengah,Kab. Magelang,SMA
674,SMAN 7 ,Jawa Timur,Kota Malang,SMA
675,SMAN 10 BOGOR ,Jawa Barat,Kota Bogor,SMA
371,SMAN 52 JAKARTA ,DKI Jakarta,Kota Jakarta Utara,SMA
372,MAS MUALLIMAAT MUHAMMADIYAH ,DI Yogyakarta,Kota Yogyakarta,MA 
373,SMAN 84 JAKARTA ,DKI Jakarta,Kota Jakarta Barat,SMA
374,SMAN 1 BANJARBARU ,Kalimantan Selatan,Kota Banjarbaru,SMA
375,SMAS DARUL HIKAM INTERNASIONAL ,Jawa Barat,Kab. Bandung Barat,SMA
273,SMA NEGERI 1 REMBANG ,Jawa Tengah,Kab. Rembang,SMA
274,SMAN 7 SURAKARTA ,Jawa Tengah,Kota Surakarta,SMA
275,SMAN 1 SOOKO ,Jawa Timur,Kab. Mojokerto,SMA
276,SMAN 9 SURABAYA ,Jawa Timur,Kota Surabaya,SMA
472,SMAN 1 PURWODADI ,Jawa Tengah,Kab. Grobogan,SMA
473,SMA NEGERI 09 ,Jawa Tengah,Kota Semarang,SMA
474,SMKN 1 KARANGANYAR ,Jawa Tengah,Kab. Kebumen,SMK
475,SMAN 2 BALIKPAPAN UTARA ,Kalimantan Timur,Kota Balikpapan,SMA
476,SMAN 1 MEJAYAN ,Jawa Timur,Kab. Madiun,SMA
570,SMAN 106 JAKARTA ,DKI Jakarta,Kota Jakarta Timur,SMA
571,SMAN AMBULU ,Jawa Timur,Kab. Jember,SMA
572,SMAN KARANGPANDAN ,Jawa Tengah,Kab. Karanganyar,SMA
573,SMAN 64 JAKARTA ,DKI Jakarta,Kota Jakarta Timur,SMA
773,SMKN 1 DEPOK ,DI Yogyakarta,Kab. Sleman,SMK
774,SMAN 16 BANDUNG ,Jawa Barat,Kota Bandung,SMA
775,SMA ISLAM AL-AZHAR 2 JAKARTA ,DKI Jakarta,Kota Jakarta Selatan,SMA
776,SMAN 6 PURWOREJO ,Jawa Tengah,Kab. Purworejo,SMA
870,SMAN 3 CIBINONG ,Jawa Barat,Kab. Bogor,SMA
871,MAS PERSIS TAROGONG ,Jawa Barat,Kab. Garut,MA 
872,SMKN 13 BANDUNG ,Jawa Barat,Kota Bandung,SMK
873,SMA Negeri 2 Samarinda ,Kalimantan Timur,Kota Samarinda,SMA
174,MAN 1 YOGYAKARTA ,DI Yogyakarta,Kota Yogyakarta,MA 
175,SMAN 2 KOTA DEPOK ,Jawa Barat,Kota Depok,SMA
176,SMAN 1 PONTIANAK ,Kalimantan Barat,Kota Pontianak,SMA
177,SMAN 1 TEGAL ,Jawa Tengah,Kota Tegal,SMA
75,SMAS DARMA YUDHA ,Riau,Kota Pekanbaru,SMA
76,SMAN 1 KEBUMEN ,Jawa Tengah,Kab. Kebumen,SMA
77,SMA NEGERI 1 TEMANGGUNG ,Jawa Tengah,Kab. Temanggung,SMA
78,SMAN 70 JAKARTA ,DKI Jakarta,Kota Jakarta Selatan,SMA
968,SMAN 12 SURABAYA ,Jawa Timur,Kota Surabaya,SMA
969,SMKN 1 NGAWI ,Jawa Timur,Kab. Ngawi,SMK
970,MAN KOTA PALANGKA RAYA ,Kalimantan Tengah,Kota Palangka Raya,MA 
971,MAN 2 PONTIANAK ,Kalimantan Barat,Kota Pontianak,MA 
676,SMAN 1 MARTAPURA ,Kalimantan Selatan,Kab. Banjar,SMA
677,SMAN 1 MANGGAR ,Kepulauan Bangka Belitung,Kab. Belitung Timur,SMA
678,SMAS YAYASAN PENDIDIKAN VIDYA DAHANA PATRA ,Kalimantan Timur,Kota Bontang,SMA
679,SMAN 1 PARIAMAN ,Sumatera Barat,Kota Pariaman,SMA
376,SMAN 97 JAKARTA ,DKI Jakarta,Kota Jakarta Selatan,SMA
377,SMAN 1 KOTA TANGERANG SELATAN ,Banten,Kota Tangerang Selatan,SMA
378,SMA NEGERI 2 KUNINGAN ,Jawa Barat,Kab. Kuningan,SMA
379,MAN 4 JAKARTA ,DKI Jakarta,Kota Jakarta Selatan,MA 
277,SMAS IT AL BINA ,Jawa Barat,Kab. Bekasi,SMA
278,MAN INSAN CENDEKIA SIAK ,Riau,Kab. Siak,MA 
279,SMA NEGERI 06 ,Jawa Tengah,Kota Semarang,SMA
280,SMAS GLOBAL PRESTASI ,Jawa Barat,Kota Bekasi,SMA
477,SMK NEGERI 1 PENGASIH ,DI Yogyakarta,Kab. Kulon Progo,SMK
478,SMA AL-ABIDIN BILINGUAL BOARDING SCHOOL ,Jawa Tengah,Kota Surakarta,SMA
479,SMAN 3 SUKABUMI ,Jawa Barat,Kota Sukabumi,SMA
480,SMAN 6 BANDUNG ,Jawa Barat,Kota Bandung,SMA
574,SMAS MUHAMMADIYAH BOARDING SCHOOL (MBS) SLEMAN ,DI Yogyakarta,Kab. Sleman,SMA
575,SMAN 1 SITUBONDO ,Jawa Timur,Kab. Situbondo,SMA
576,SMAN 1 COMAL ,Jawa Tengah,Kab. Pemalang,SMA
577,SMAN 9 BANDUNG ,Jawa Barat,Kota Bandung,SMA
578,SMA DARUL ULUM 2 UNGGULAN BPPT ,Jawa Timur,Kab. Jombang,SMA
777,SMAN 1 PANGKALAN BUN ,Kalimantan Tengah,Kab. Kotawaringin Barat,SMA
778,SMA NEGERI 1 JOMBANG ,Jawa Timur,Kab. Jombang,SMA
779,SMAS SUGAR GROUP B MATARAM ,Lampung,Kab. Lampung Tengah,SMA
780,SMKN 1 BANDUNG ,Jawa Barat,Kota Bandung,SMK
874,SMKN ANALIS KIMIA PADANG ,Sumatera Barat,Kota Padang,SMK
875,SMA XAVERIUS 03 PALEMBANG ,Sumatera Selatan,Kota Palembang,SMA
876,PKBM HOME SCHOOLING PRIMAGAMA ,DI Yogyakarta,Kota Yogyakarta,PKBM
877,SMKN 2 KEBUMEN ,Jawa Tengah,Kab. Kebumen,SMK
178,SMAS PRIBADI ,Jawa Barat,Kota Bandung,SMA
179,MAN 2 KUDUS ,Jawa Tengah,Kab. Kudus,MA 
180,SMA NEGERI 1 CILACAP ,Jawa Tengah,Kab. Cilacap,SMA
181,SMAN 4 YOGYAKARTA ,DI Yogyakarta,Kota Yogyakarta,SMA
79,SMAN 65 JAKARTA ,DKI Jakarta,Kota Jakarta Barat,SMA
80,SMAN 1 GODEAN ,DI Yogyakarta,Kab. Sleman,SMA
81,SMAN 13 JAKARTA ,DKI Jakarta,Kota Jakarta Utara,SMA
82,SMAN 39 JAKARTA ,DKI Jakarta,Kota Jakarta Timur,SMA
972,SMAN 1 BANGLI ,Bali,Kab. Bangli,SMA
973,SMA NEGERI 1 BANGSRI ,Jawa Tengah,Kab. Jepara,SMA
974,MAN 1 JEPARA ,Jawa Tengah,Kab. Jepara,MA 
975,SMAN 1 KREMBUNG ,Jawa Timur,Kab. Sidoarjo,SMA
680,SMAS PANGUDI LUHUR ,DI Yogyakarta,Kota Yogyakarta,SMA
681,SMAS CENDANA MANDAU ,Riau,Kab. Bengkalis,SMA
682,SMAN 2 KRAKATAU STEEL CILEGON ,Banten,Kota Cilegon,SMA
683,SMAN 36 JAKARTA ,DKI Jakarta,Kota Jakarta Timur,SMA
380,SMA NEGERI 1 SEWON ,DI Yogyakarta,Kab. Bantul,SMA
381,SMAN 53 JAKARTA ,DKI Jakarta,Kota Jakarta Timur,SMA
382,SMAN 8 TANGERANG ,Banten,Kota Tangerang,SMA
383,SMAN 2 TUBAN ,Jawa Timur,Kab. Tuban,SMA
384,SMAN 1 BATAM ,Kepulauan Riau,Kota Batam,SMA
281,SMAN 54 JAKARTA ,DKI Jakarta,Kota Jakarta Timur,SMA
282,SMA AL AZHAR SYIFA BUDI PARAHYANGAN ,Jawa Barat,Kab. Bandung Barat,SMA
283,SMA NEGERI TARUNA NALA JAWA TIMUR ,Jawa Timur,Kota Malang,SMA
284,SMA S XAVERIUS BANDAR LAMPUNG ,Lampung,Kota Bandar Lampung,SMA
481,SMAN 2 AMLAPURA ,Bali,Kab. Karang Asem,SMA
482,SMA NEGERI 07 ,Jawa Tengah,Kota Semarang,SMA
483,SMA ISLAM SABILILLAH ,Jawa Timur,Kota Malang,SMA
484,SMAN 6 KOTA DEPOK ,Jawa Barat,Kota Depok,SMA
579,SMAN 1 SALAMAN ,Jawa Tengah,Kab. Magelang,SMA
580,SMAN 5 JAKARTA ,DKI Jakarta,Kota Jakarta Pusat,SMA
581,SMAS ANANDA ,Jawa Barat,Kota Bekasi,SMA
582,MAS UNGGULAN AMANATUL UMMAH SURABAYA ,Jawa Timur,Kota Surabaya,MA 
781,SMAN 2 SALATIGA ,Jawa Tengah,Kota Salatiga,SMA
782,SMAN 2 SUKOHARJO ,Jawa Tengah,Kab. Sukoharjo,SMA
783,SMAN 19 BANDUNG ,Jawa Barat,Kota Bandung,SMA
784,SMAN 1 BREBES ,Jawa Tengah,Kab. Brebes,SMA
878,SMAN 2 TANJUNGPINANG ,Kepulauan Riau,Kota Tanjungpinang,SMA
879,SMAN 2 KARANGANYAR ,Jawa Tengah,Kab. Karanganyar,SMA
880,SMKN 2 KLATEN ,Jawa Tengah,Kab. Klaten,SMK
881,SMA Negeri 1 Samarinda ,Kalimantan Timur,Kota Samarinda,SMA
882,SMA NEGERI 1 SUBAH ,Jawa Tengah,Kab. Batang,SMA
182,SMAN 2 PARE ,Jawa Timur,Kab. Kediri,SMA
183,SMA ISLAM NURUL FIKRI ,Banten,Kab. Serang,SMA
184,SMAN 58 JAKARTA ,DKI Jakarta,Kota Jakarta Timur,SMA
185,SMA TRENSAINS TEBUIRENG ,Jawa Timur,Kab. Jombang,SMA
83,SMAN 1 KLATEN ,Jawa Tengah,Kab. Klaten,SMA
84,SMAN 1 SALATIGA ,Jawa Tengah,Kota Salatiga,SMA
85,SMAS PESANTREN UNGGUL AL BAYAN ,Jawa Barat,Kab. Sukabumi,SMA
86,SMAN 1 GRESIK ,Jawa Timur,Kab. Gresik,SMA
976,SMAN 18 BANDUNG ,Jawa Barat,Kota Bandung,SMA
977,SMAS IT RAUDHATUL JANNAH  ,Banten,Kota Cilegon,SMA
978,SMAN 12 TANGERANG ,Banten,Kota Tangerang,SMA
979,SMKN 1 KLATEN ,Jawa Tengah,Kab. Klaten,SMK
684,SMAN 7 KEDIRI ,Jawa Timur,Kota Kediri,SMA
685,SMAN 1 KEJOBONG ,Jawa Tengah,Kab. Purbalingga,SMA
686,SMAS PRESIDEN (BOARDING SCHOOL) ,Jawa Barat,Kab. Bekasi,SMA
687,SMAS PANGUDI LUHUR II ,Jawa Barat,Kota Bekasi,SMA
385,SMKN 1 WONOSARI ,DI Yogyakarta,Kab. Gunung Kidul,SMK
386,SMA NEGERI 5 PAREPARE ,Sulawesi Selatan,Kota Parepare,SMA
387,SMAN 63 JAKARTA ,DKI Jakarta,Kota Jakarta Selatan,SMA
388,SMAS DWI WARNA ,Jawa Barat,Kab. Bogor,SMA
285,SMAN 98 JAKARTA ,DKI Jakarta,Kota Jakarta Timur,SMA
286,SMA NEGERI 1 KASIHAN ,DI Yogyakarta,Kab. Bantul,SMA
287,SMAS AL - AZHAR MANDIRI PALU ,Sulawesi Tengah,Kota Palu,SMA
288,MAN 1 KOTA MALANG ,Jawa Timur,Kota Malang,MA 
485,SMAN 2 ,Jawa Timur,Kota Mojokerto,SMA
486,SMAN 9 BANDAR LAMPUNG ,Lampung,Kota Bandar Lampung,SMA
487,SMAN 2 TAMBUN SELATAN ,Jawa Barat,Kab. Bekasi,SMA
488,SMAN 87 JAKARTA ,DKI Jakarta,Kota Jakarta Selatan,SMA
583,SMAN 1 GEDANGAN ,Jawa Timur,Kab. Sidoarjo,SMA
584,SMAN 14 BANDUNG ,Jawa Barat,Kota Bandung,SMA
585,SMAN 4 JAKARTA ,DKI Jakarta,Kota Jakarta Pusat,SMA
586,SMAN 18 SURABAYA ,Jawa Timur,Kota Surabaya,SMA
785,SMAN 1 REJANG LEBONG ,Bengkulu,Kab. Rejang Lebong,SMA
786,MAN 1 JEMBER ,Jawa Timur,Kab. Jember,MA 
787,SMAN 1 KOTA JAMBI ,Jambi,Kota Jambi,SMA
788,SMAN 1 NGANJUK ,Jawa Timur,Kab. Nganjuk,SMA
883,SMKN 2 SALATIGA ,Jawa Tengah,Kota Salatiga,SMK
884,SMAS DARUNNAJAH ,DKI Jakarta,Kota Jakarta Selatan,SMA
885,SMA NEGERI 1 BAMBANGLIPURO ,DI Yogyakarta,Kab. Bantul,SMA
886,SMKN 1 PURWOKERTO ,Jawa Tengah,Kab. Banyumas,SMK
186,SMAN 2 CIREBON ,Jawa Barat,Kota Cirebon,SMA
187,SMA NEGERI 1 TRENGGALEK ,Jawa Timur,Kab. Trenggalek,SMA
188,SMAS SANTO THOMAS 1 MEDAN ,Sumatera Utara,Kota Medan,SMA
189,SMAN 1 BUKITTINGGI ,Sumatera Barat,Kota Bukittinggi,SMA
87,SMAS PANGUDI LUHUR VAN LITH ,Jawa Tengah,Kab. Magelang,SMA
88,SMAN CMBBS ,Banten,Kab. Pandeglang,SMA
89,SMAN 14 JAKARTA ,DKI Jakarta,Kota Jakarta Timur,SMA
90,SMA PLUS AR RAHMAT ,Jawa Timur,Kab. Bojonegoro,SMA
980,SMAN 110 JAKARTA ,DKI Jakarta,Kota Jakarta Utara,SMA
981,SMA NEGERI 1 DAYEUHLUHUR ,Jawa Tengah,Kab. Cilacap,SMA
982,SMKN 4 MALANG ,Jawa Timur,Kota Malang,SMK
983,SMAS ISLAM TERPADU ALIA TANGERANG ,Banten,Kab. Tangerang,SMA
688,SMA NEGERI MOJOAGUNG ,Jawa Timur,Kab. Jombang,SMA
689,SMA NEGERI 1 JATILAWANG ,Jawa Tengah,Kab. Banyumas,SMA
690,SMAN 1 SANGGAU ,Kalimantan Barat,Kab. Sanggau,SMA
691,SMAS MARDI YUANA PANCORAN MAS ,Jawa Barat,Kota Depok,SMA
389,SMAN 1 PURWAKARTA ,Jawa Barat,Kab. Purwakarta,SMA
390,SMAN 1 CIREBON ,Jawa Barat,Kota Cirebon,SMA
391,MAN 2 PEKANBARU ,Riau,Kota Pekanbaru,MA 
392,SMAS IT ABU BAKAR ,DI Yogyakarta,Kota Yogyakarta,SMA
289,SMA UNGGULAN CT FOUNDATION ,Sumatera Utara,Kab. Deli Serdang,SMA
290,SMAN 2 KLATEN ,Jawa Tengah,Kab. Klaten,SMA
291,SMAS AL HIKMAH SURABAYA ,Jawa Timur,Kota Surabaya,SMA
292,SMAN 4 BEKASI ,Jawa Barat,Kota Bekasi,SMA
489,MAN INSAN CENDEKIA BANGKA TENGAH ,Kepulauan Bangka Belitung,Kab. Bangka Tengah,MA 
490,SMAN 9 BOGOR ,Jawa Barat,Kota Bogor,SMA
491,SMAN 2 BOJONEGORO ,Jawa Timur,Kab. Bojonegoro,SMA
492,SMAN 16 JAKARTA ,DKI Jakarta,Kota Jakarta Barat,SMA
587,SMK NEGERI 1 CIMAHI ,Jawa Barat,Kota Cimahi,SMK
588,SMAN 2 BONDOWOSO ,Jawa Timur,Kab. Bondowoso,SMA
589,SMAN 1 MATAULI PANDAN ,Sumatera Utara,Kab. Tapanuli Tengah,SMA
590,SMAN 1 BERAU ,Kalimantan Timur,Kab. Berau,SMA
789,SMKN 1 PURBALINGGA ,Jawa Tengah,Kab. Purbalingga,SMK
790,SMAN 1 SUKAWATI ,Bali,Kab. Gianyar,SMA
791,SMA ISLAM AL AZHAR 14 ,Jawa Tengah,Kota Semarang,SMA
792,SMKN 1 TEMPEL ,DI Yogyakarta,Kab. Sleman,SMK
887,SMAS BINA INSANI ,Jawa Barat,Kota Bogor,SMA
888,SMK NEGERI 41 JAKARTA ,DKI Jakarta,Kota Jakarta Selatan,SMK
889,SMAS MARDI YUANA ,Jawa Barat,Kota Sukabumi,SMA
890,SMAN 3 SURABAYA ,Jawa Timur,Kota Surabaya,SMA
190,SMAN 2 NGANJUK ,Jawa Timur,Kab. Nganjuk,SMA
191,MAN INSAN CENDEKIA TANAH LAUT ,Kalimantan Selatan,Kab. Tanah Laut,MA 
192,SMAN 3 BATAM ,Kepulauan Riau,Kota Batam,SMA
193,SMAN 5 BANDUNG ,Jawa Barat,Kota Bandung,SMA
91,SMAN 38 JAKARTA ,DKI Jakarta,Kota Jakarta Selatan,SMA
92,SMAN 1 KOTA DEPOK ,Jawa Barat,Kota Depok,SMA
93,SMAN 4 SURAKARTA ,Jawa Tengah,Kota Surakarta,SMA
94,SMAN 15 SURABAYA ,Jawa Timur,Kota Surabaya,SMA
984,MAN 2 PONOROGO ,Jawa Timur,Kab. Ponorogo,MA 
985,SMAN 1 BINTAN UTARA ,Kepulauan Riau,Kab. Bintan,SMA
986,SMAN 1 WATES ,Jawa Timur,Kab. Kediri,SMA
987,SMA NEGERI 1 SEDAYU ,DI Yogyakarta,Kab. Bantul,SMA
692,SMA NEGERI 1 KABANJAHE ,Sumatera Utara,Kab. Karo,SMA
693,SMAN 10 KAUR (PENTAGON) ,Bengkulu,Kab. Kaur,SMA
694,MAN 1 BLITAR ,Jawa Timur,Kab. Blitar,MA 
695,MAN INSAN CENDEKIA BENGKULU TENGAH ,Bengkulu,Kab. Bengkulu Tengah,MA 
393,MAN 3 SLEMAN ,DI Yogyakarta,Kab. Sleman,MA 
394,SMAN 3 BOYOLALI ,Jawa Tengah,Kab. Boyolali,SMA
395,SMA NEGERI 1 BATANG ,Jawa Tengah,Kab. Batang,SMA
396,SMAN 1 KARTASURA ,Jawa Tengah,Kab. Sukoharjo,SMA
293,SMAN 1 PEMALANG ,Jawa Tengah,Kab. Pemalang,SMA
294,SMAN 1 KEDIRI ,Jawa Timur,Kota Kediri,SMA
295,SMAN 1 KOTA SERANG ,Banten,Kota Serang,SMA
296,SMAN 4 SURABAYA ,Jawa Timur,Kota Surabaya,SMA
493,SMAN 3 KABUPATEN TANGERANG ,Banten,Kab. Tangerang,SMA
494,SMAS INSAN CENDEKIA MADANI ,Banten,Kota Tangerang Selatan,SMA
495,SMA NEGERI 06 PALEMBANG ,Sumatera Selatan,Kota Palembang,SMA
496,SMAN 1 KENDAL ,Jawa Tengah,Kab. Kendal,SMA
591,SMK NEGERI 1 BANTUL ,DI Yogyakarta,Kab. Bantul,SMK
592,SMKN 1 GOMBONG ,Jawa Tengah,Kab. Kebumen,SMK
593,SMAN 1 CEPU ,Jawa Tengah,Kab. Blora,SMA
594,MAN INSAN CENDEKIA TAPANULI SELATAN ,Sumatera Utara,Kab. Tapanuli Selatan,MA 
793,MAN INSAN CENDEKIA KOTA PALU ,Sulawesi Tengah,Kota Palu,MA 
794,SMAN 1 BELINYU ,Kepulauan Bangka Belitung,Kab. Bangka,SMA
795,SMA N 1 PASAMAN ,Sumatera Barat,Kab. Pasaman Barat,SMA
796,UPT SMA NEGERI 2 PASURUAN ,Jawa Timur,Kota Pasuruan,SMA
891,SMA NEGERI 1 TAHUNAN ,Jawa Tengah,Kab. Jepara,SMA
892,SMAN BINSUS KOTA DUMAI ,Riau,Kota Dumai,SMA
893,SMAN 1 SUKABUMI ,Jawa Barat,Kota Sukabumi,SMA
894,SMK NEGERI 02 ,Jawa Tengah,Kota Semarang,SMK
194,SMAS TARAKANITA CITRA RAYA ,Banten,Kab. Tangerang,SMA
195,SMAN 91 JAKARTA ,DKI Jakarta,Kota Jakarta Timur,SMA
196,SMAN 1 GOMBONG ,Jawa Tengah,Kab. Kebumen,SMA
197,SMA NEGERI 1 UNGARAN ,Jawa Tengah,Kab. Semarang,SMA
95,SMAN 2 KOTA TANGERANG SELATAN ,Banten,Kota Tangerang Selatan,SMA
96,SMA NEGERI 02 ,Jawa Tengah,Kota Semarang,SMA
97,SMA KRISTEN PENABUR SUMMARECON BEKASI ,Jawa Barat,Kota Bekasi,SMA
98,SMA NEGERI MODAL BANGSA ,Aceh,Kab. Aceh Besar,SMA
988,SMKN 2 PURWOKERTO ,Jawa Tengah,Kab. Banyumas,SMK
989,SMA NEGERI 1 LASEM ,Jawa Tengah,Kab. Rembang,SMA
990,SMAS SANTO TARCISIUS ,Riau,Kota Dumai,SMA
991,SMA Negeri 4 Pekalongan ,Jawa Tengah,Kota Pekalongan,SMA
696,SMA NEGERI NGORO ,Jawa Timur,Kab. Jombang,SMA
697,SMAN 13 BANDUNG ,Jawa Barat,Kota Bandung,SMA
698,SMA NEGERI 2 UNGARAN ,Jawa Tengah,Kab. Semarang,SMA
699,SMAN 7 SURABAYA ,Jawa Timur,Kota Surabaya,SMA
397,SMA BUDI MULIA DUA ,DI Yogyakarta,Kab. Sleman,SMA
398,SMA NEGERI 1 PARAKAN ,Jawa Tengah,Kab. Temanggung,SMA
399,SMAN 5 PURWOKERTO ,Jawa Tengah,Kab. Banyumas,SMA
400,SMAN 3 SUKOHARJO ,Jawa Tengah,Kab. Sukoharjo,SMA
297,SMAS MARSUDIRINI ,Jawa Barat,Kota Bekasi,SMA
298,SMAS ISLAM DIAN DIDAKTIKA ,Jawa Barat,Kota Depok,SMA
299,SMAN 2 BOGOR ,Jawa Barat,Kota Bogor,SMA
300,SMAS ALFA CENTAURI ,Jawa Barat,Kota Bandung,SMA
497,SMAN 10 ,Jawa Timur,Kota Malang,SMA
498,SMA NEGERI 3 CILACAP ,Jawa Tengah,Kab. Cilacap,SMA
499,SMAN 80 JAKARTA ,DKI Jakarta,Kota Jakarta Utara,SMA
500,SMAN 23 BANDUNG ,Jawa Barat,Kota Bandung,SMA
595,SMAS KATOLIK SANTA MARIA ,Jawa Timur,Kota Malang,SMA
596,SMA NEGERI 1 TAYU ,Jawa Tengah,Kab. Pati,SMA
597,SMA ISLAM AL AZHAR 9 YOGYAKARTA ,DI Yogyakarta,Kab. Sleman,SMA
598,SMAN 2 LINTONGNIHUTA ,Sumatera Utara,Kab. Humbang Hasudutan,SMA
797,SMAN 1 NGEMPLAK ,DI Yogyakarta,Kab. Sleman,SMA
798,SMKN 2 MAGELANG ,Jawa Tengah,Kota Magelang,SMK
799,SMAN 32 JAKARTA ,DKI Jakarta,Kota Jakarta Selatan,SMA
800,SMAN 6 CIREBON ,Jawa Barat,Kota Cirebon,SMA
895,SMAS WR SUPRATMAN 2 ,Sumatera Utara,Kota Medan,SMA
896,MAN 1 PEKANBARU ,Riau,Kota Pekanbaru,MA 
897,SMAN 10 BEKASI ,Jawa Barat,Kota Bekasi,SMA
898,SMAN 1 UBUD ,Bali,Kab. Gianyar,SMA
198,SMA XAVERIUS 01 PALEMBANG ,Sumatera Selatan,Kota Palembang,SMA
199,SMAN 2 BANDUNG ,Jawa Barat,Kota Bandung,SMA
200,SMAS IT IHSANUL FIKRI MUNGKID ,Jawa Tengah,Kab. Magelang,SMA
99,SMAN 3 SURAKARTA ,Jawa Tengah,Kota Surakarta,SMA
100,SMAN 71 JAKARTA ,DKI Jakarta,Kota Jakarta Timur,SMA
992,SMKN 1 TUREN ,Jawa Timur,Kab. Malang,SMK
993,SMAN 1 CIAMIS ,Jawa Barat,Kab. Ciamis,SMA
994,SMAN 23 KABUPATEN TANGERANG ,Banten,Kab. Tangerang,SMA
995,SMAS MUHAMMADIYAH WONOSOBO ,Jawa Tengah,Kab. Wonosobo,SMA
700,SMA Negeri 3 Samarinda ,Kalimantan Timur,Kota Samarinda,SMA
599,SMAN 4 KOTA TANGERANG SELATAN ,Banten,Kota Tangerang Selatan,SMA
600,SMAN KEBAKKRAMAT ,Jawa Tengah,Kab. Karanganyar,SMA
899,SMAN 1 CISARUA ,Jawa Barat,Kab. Bandung Barat,SMA
900,SMAN 2 DENPASAR ,Bali,Kota Denpasar,SMA
996,SMAN 1 NGAWEN ,Jawa Tengah,Kab. Blora,SMA
997,SMAN 2 BREBES ,Jawa Tengah,Kab. Brebes,SMA
998,SMAN 1 SAWAHLUNTO ,Sumatera Barat,Kota Sawah Lunto,SMA
999,SMAN 1 PARUNG ,Jawa Barat,Kab. Bogor,SMA
1000,SMAS PESANTREN TERPADU HAYATAN THAYYIBAH ,Jawa Barat,Kota Sukabumi,SMA
